5690;Geest und Marsch Südholstein;
5690;Appen;25482
5690;Groß Nordende;25436
5690;Haselau;25489
5690;Haseldorf;25489
5690;Heidgraben;25436
5690;Heist;25492
5690;Hetlingen;25491
5690;Holm;25488
5690;Moorrege;25436
5690;Neuendeich;25436
1000;Flensburg, Stadt;
1000;Flensburg, Stadt;24937
1000;Flensburg, Stadt;24939
1000;Flensburg, Stadt;24941
1000;Flensburg, Stadt;24943
1000;Flensburg, Stadt;24944
1001;Kiel, Landeshauptstadt;
1001;Kiel, Landeshauptstadt;24103
1001;Kiel, Landeshauptstadt;24105
1001;Kiel, Landeshauptstadt;24106
1001;Kiel, Landeshauptstadt;24107
1001;Kiel, Landeshauptstadt;24109
1001;Kiel, Landeshauptstadt;24111
1001;Kiel, Landeshauptstadt;24113
1001;Kiel, Landeshauptstadt;24114
1001;Kiel, Landeshauptstadt;24116
1001;Kiel, Landeshauptstadt;24118
1001;Kiel, Landeshauptstadt;24143
1001;Kiel, Landeshauptstadt;24145
1001;Kiel, Landeshauptstadt;24146
1001;Kiel, Landeshauptstadt;24147
1001;Kiel, Landeshauptstadt;24148
1001;Kiel, Landeshauptstadt;24149
1001;Kiel, Landeshauptstadt;24159
1002;Lübeck, Hansestadt;
1002;Lübeck, Hansestadt;23539
1002;Lübeck, Hansestadt;23552
1002;Lübeck, Hansestadt;23554
1002;Lübeck, Hansestadt;23556
1002;Lübeck, Hansestadt;23558
1002;Lübeck, Hansestadt;23560
1002;Lübeck, Hansestadt;23562
1002;Lübeck, Hansestadt;23564
1002;Lübeck, Hansestadt;23566
1002;Lübeck, Hansestadt;23568
1002;Lübeck, Hansestadt;23569
1002;Lübeck, Hansestadt;23570
1003;Neumünster, Stadt;
1003;Neumünster, Stadt;24534
1003;Neumünster, Stadt;24536
1003;Neumünster, Stadt;24537
1003;Neumünster, Stadt;24539
0001;Ahrensbök;
0001;Ahrensbök;23623
0001;Ascheberg (Holstein);
0001;Ascheberg (Holstein);24326
0001;Ahrensburg, Stadt;
0001;Ahrensburg, Stadt;22926
0002;Barmstedt, Stadt;
0002;Barmstedt, Stadt;25355
0004;Bad Schwartau, Stadt;
0004;Bad Schwartau, Stadt;23611
0004;Bad Bramstedt, Stadt;
0004;Bad Bramstedt, Stadt;24576
0004;Bad Oldesloe, Stadt;
0004;Bad Oldesloe, Stadt;23843
0005;Bönningstedt;
0005;Bönningstedt;25474
0005;Altenholz;
0005;Altenholz;24161
0005;Bad Segeberg, Stadt;
0005;Bad Segeberg, Stadt;23795
0006;Bargteheide, Stadt;
0006;Bargteheide, Stadt;22941
0007;Bosau;
0007;Bosau;23715
0008;Bönebüttel;
0008;Bönebüttel;24620
0009;Bösdorf;
0009;Bösdorf;24306
0009;Barsbüttel;
0009;Barsbüttel;22885
0010;Dahme;
0010;Dahme;23743
0011;Brunsbüttel, Stadt;
0011;Brunsbüttel, Stadt;25541
0012;Eutin, Stadt;
0012;Eutin, Stadt;23701
1015;Elmshorn, Stadt;
1015;Elmshorn, Stadt;25335
1015;Elmshorn, Stadt;25336
1015;Elmshorn, Stadt;25337
0016;Grömitz;
0016;Grömitz;23743
0018;Grube;
0018;Grube;23743
0018;Halstenbek;
0018;Halstenbek;25469
0018;Glinde, Stadt;
0018;Glinde, Stadt;21509
0019;Ellerau;
0019;Ellerau;25479
0021;Heiligenhafen, Stadt;
0021;Heiligenhafen, Stadt;23774
0021;Hasloh;
0021;Hasloh;25474
0023;Großhansdorf;
0023;Großhansdorf;22927
0025;Kellenhusen (Ostsee);
0025;Kellenhusen (Ostsee);23743
0025;Helgoland;
0025;Helgoland;27498
0028;Malente;
0028;Malente;23714
0029;Glückstadt, Stadt;
0029;Glückstadt, Stadt;25348
0032;Geesthacht, Stadt;
0032;Geesthacht, Stadt;21502
0032;Neustadt in Holstein, Stadt;
0032;Neustadt in Holstein, Stadt;23730
0033;Friedrichstadt, Stadt;
0033;Friedrichstadt, Stadt;25840
0033;Oldenburg in Holstein, Stadt;
0033;Oldenburg in Holstein, Stadt;23758
0034;Büdelsdorf, Stadt;
0034;Büdelsdorf, Stadt;24782
1035;Ratekau;
1035;Ratekau;23611
1035;Ratekau;23626
1035;Ratekau;23669
1035;Ratekau;23689
0039;Pinneberg, Stadt;
0039;Pinneberg, Stadt;25421
0039;Henstedt-Ulzburg;
0039;Henstedt-Ulzburg;24558
0040;Stockelsdorf;
0040;Stockelsdorf;23617
0041;Süsel;
0041;Süsel;23701
0041;Quickborn, Stadt;
0041;Quickborn, Stadt;25451
0042;Timmendorfer Strand;
0042;Timmendorfer Strand;23669
0043;Rellingen;
0043;Rellingen;25462
0043;Eckernförde, Stadt;
0043;Eckernförde, Stadt;24340
0044;Heide, Stadt;
0044;Heide, Stadt;25746
1044;Scharbeutz;
1044;Scharbeutz;23629
1044;Scharbeutz;23683
1044;Scharbeutz;23684
0044;Schenefeld, Stadt;
0044;Schenefeld, Stadt;22869
0044;Kaltenkirchen, Stadt;
0044;Kaltenkirchen, Stadt;24568
1045;Kappeln, Stadt;
1045;Kappeln, Stadt;24376
1045;Kappeln, Stadt;24404
0046;Fehmarn, Stadt;
0046;Fehmarn, Stadt;23769
0046;Itzehoe, Stadt;
0046;Itzehoe, Stadt;25524
0048;Tornesch, Stadt;
0048;Tornesch, Stadt;25436
0049;Uetersen, Stadt;
0049;Uetersen, Stadt;25436
0050;Wedel, Stadt;
0050;Wedel, Stadt;22880
0053;Oststeinbek;
0053;Oststeinbek;22113
0056;Husum, Stadt;
0056;Husum, Stadt;25813
0057;Plön, Stadt;
0057;Plön, Stadt;24306
1060;Reinbek, Stadt;
1060;Reinbek, Stadt;21465
1060;Reinbek, Stadt;21521
0061;Reinfeld (Holstein), Stadt;
0061;Reinfeld (Holstein), Stadt;23858
0062;Preetz, Stadt;
0062;Preetz, Stadt;24211
1063;Norderstedt, Stadt;
1063;Norderstedt, Stadt;22844
1063;Norderstedt, Stadt;22846
1063;Norderstedt, Stadt;22848
1063;Norderstedt, Stadt;22850
1063;Norderstedt, Stadt;22851
0075;Schleswig, Stadt;
0075;Schleswig, Stadt;24837
0076;Tangstedt;
0076;Tangstedt;22889
0083;Lauenburg/ Elbe, Stadt;
0083;Lauenburg/ Elbe, Stadt;21481
0090;Mölln, Stadt;
0090;Mölln, Stadt;23879
0090;Ammersbek;
0090;Ammersbek;22949
1091;Schwentinental, Stadt;
1091;Schwentinental, Stadt;24222
1091;Schwentinental, Stadt;24223
0092;Kronshagen;
0092;Kronshagen;24119
0092;Wahlstedt, Stadt;
0092;Wahlstedt, Stadt;23812
0100;Ratzeburg, Stadt;
0100;Ratzeburg, Stadt;23909
0108;Reußenköge;
0108;Reußenköge;25821
0113;Glücksburg (Ostsee), Stadt;
0113;Glücksburg (Ostsee), Stadt;24960
0113;Wilster, Stadt;
0113;Wilster, Stadt;25554
0116;Schwarzenbek, Stadt;
0116;Schwarzenbek, Stadt;21493
0120;Harrislee;
0120;Harrislee;24955
0129;Wentorf bei Hamburg;
0129;Wentorf bei Hamburg;21465
0135;Rendsburg, Stadt;
0135;Rendsburg, Stadt;24768
0138;Tönning, Stadt;
0138;Tönning, Stadt;25832
0168;Sylt;
0168;Sylt;25980
0169;Wasbek;
0169;Wasbek;24647
1183;Handewitt;
1183;Handewitt;24976
1183;Handewitt;24983
5005;Bad Bramstedt-Land;
5005;Armstedt;24616
5005;Bimöhlen;24576
5005;Borstel;24616
5005;Föhrden-Barl;25563
5005;Fuhlendorf;24649
5005;Großenaspe;24623
5005;Hagen;24576
5005;Hardebek;24616
5005;Hasenkrug;24616
5005;Heidmoor;24632
5005;Hitzhusen;24576
5005;Mönkloh;24576
5005;Weddelbrook;24576
5005;Wiemersdorf;24649
5024;Bornhöved;
5024;Bornhöved;24619
5024;Damsdorf;23824
5024;Gönnebek;24610
5024;Schmalensee;24638
5024;Stocksee;24326
5024;Tarbek;24619
5024;Tensfeld;23824
5024;Trappenkamp;24610
5034;Itzstedt;
5034;Itzstedt;23845
5034;Kayhude;23863
5034;Nahe;23866
5034;Oering;23845
5034;Seth;23845
5034;Sülfeld;23845
5034;Sülfeld;23867
5043;Kaltenkirchen-Land;
5043;Alveslohe;25486
5043;Hartenholm;24628
5043;Hasenmoor;24640
5043;Lentföhrden;24632
5043;Lentföhrden;24640
5043;Nützen;24568
5043;Schmalfeld;24640
5048;Kisdorf;
5048;Hüttblek;24641
5048;Kattendorf;24568
5048;Kisdorf;24629
5048;Oersdorf;24568
5048;Sievershütten;24641
5048;Struvenhütten;24643
5048;Stuvenborn;24641
5048;Wakendorf II;24558
5048;Winsen;24568
5053;Leezen;
5053;Bark;23826
5053;Bebensee;23816
5053;Fredesdorf;23826
5053;Groß Niendorf;23816
5053;Högersdorf;23795
5053;Kükels;23829
5053;Leezen;23816
5053;Mözen;23795
5053;Neversdorf;23816
5053;Schwissel;23795
5053;Todesfelde;23826
5053;Wittenborn;23829
5063;Boostedt-Rickling;
5063;Boostedt;24598
5063;Daldorf;24635
5063;Groß Kummerfeld;24626
5063;Heidmühlen;24598
5063;Latendorf;24598
5063;Rickling;24635
5086;Trave-Land;
5086;Bahrenhof;23845
5086;Blunk;23813
5086;Bühnsdorf;23845
5086;Dreggers;23845
5086;Fahrenkrug;23795
5086;Geschendorf;23815
5086;Glasau;23719
5086;Groß Rönnau;23795
5086;Klein Gladebrügge;23795
5086;Klein Rönnau;23795
5086;Krems II;23827
5086;Negernbötel;23795
5086;Nehms;23813
5086;Neuengörs;23818
5086;Pronstorf;23820
5086;Rohlstorf;23821
5086;Schackendorf;23795
5086;Schieren;23795
5086;Seedorf;23823
5086;Stipsdorf;23795
5086;Strukdorf;23815
5086;Travenhorst;23827
5086;Traventhal;23795
5086;Wakendorf I;23845
5086;Weede;23795
5086;Wensin;23827
5086;Westerrade;23815
5104;Breitenburg;
5104;Auufer;25548
5104;Breitenberg;25597
5104;Breitenburg;25524
5104;Kollmoor;25524
5104;Kronsmoor;25597
5104;Lägerdorf;25566
5104;Moordiek;25597
5104;Münsterdorf;25587
5104;Oelixdorf;25524
5104;Westermoor;25597
5104;Wittenbergen;25548
5134;Horst-Herzhorn;
5134;Altenmoor;25335
5134;Blomesche Wildnis;25348
5134;Borsfleth;25376
5134;Engelbrechtsche Wildnis;25348
5134;Herzhorn;25379
5134;Hohenfelde;25358
5134;Horst (Holstein);25358
5134;Kiebitzreihe;25368
5134;Krempdorf;25361
5134;Krempdorf;25376
5134;Neuendorf b. Elmshorn;25335
5134;Sommerland;25358
5134;Kollmar;25377
5138;Itzehoe-Land;
5138;Bekdorf;25554
5138;Bekmünde;25524
5138;Drage;25582
5138;Heiligenstedten;25524
5138;Heiligenstedtenerkamp;25524
5138;Hodorf;25569
5138;Hohenaspe;25582
5138;Huje;25588
5138;Kaaks;25582
5138;Kleve;25554
5138;Krummendiek;25554
5138;Lohbarbek;25551
5138;Mehlbek;25588
5138;Moorhusen;25554
5138;Oldendorf;25588
5138;Ottenbüttel;25591
5138;Peissen;25551
5138;Schlotfeld;25551
5138;Silzen;25551
5138;Winseldorf;25551
5153;Krempermarsch;
5153;Bahrenfleth;25569
5153;Dägeling;25578
5153;Elskop;25361
5153;Grevenkop;25361
5153;Krempe, Stadt;25361
5153;Kremperheide;25569
5153;Krempermoor;25569
5153;Neuenbrook;25361
5153;Neuenbrook;25578
5153;Rethwisch;25566
5153;Süderau;25361
5163;Burg-St. Michaelisdonn;
5163;Averlak;25715
5163;Brickeln;25712
5163;Buchholz;25712
5163;Burg (Dithmarschen);25712
5163;Dingen;25715
5163;Eddelak;25715
5163;Eggstedt;25721
5163;Frestedt;25727
5163;Großenrade;25712
5163;Hochdonn;25712
5163;Kuden;25712
5163;Quickborn;25712
5163;Sankt Michaelisdonn;25693
5163;Süderhastedt;25727
5166;Marne-Nordsee;
5166;Diekhusen-Fahrstedt;25709
5166;Friedrichskoog;25718
5166;Helse;25709
5166;Kaiser-Wilhelm-Koog;25709
5166;Kronprinzenkoog;25709
5166;Marne, Stadt;25709
5166;Marnerdeich;25709
5166;Neufeld;25724
5166;Neufelderkoog;25724
5166;Ramhusen;25715
5166;Schmedeswurth;25724
5166;Trennewurth;25693
5166;Volsemenhusen;25693
5168;Schenefeld;
5168;Aasbüttel;25560
5168;Agethorst;25560
5168;Besdorf;25584
5168;Bokelrehm;25596
5168;Bokhorst;25560
5168;Bokhorst;25572
5168;Christinenthal;25593
5168;Gribbohm;25596
5168;Hadenfeld;25560
5168;Holstenniendorf;25584
5168;Kaisborstel;25560
5168;Looft;25582
5168;Nienbüttel;25596
5168;Nutteln;25594
5168;Oldenborstel;25560
5168;Pöschendorf;25560
5168;Puls;25560
5168;Reher;25593
5168;Schenefeld;25560
5168;Vaale;25572
5168;Vaale;25594
5168;Vaalermoor;25594
5168;Wacken;25596
5168;Warringholz;25560
5169;Eider;
5169;Barkenholm;25791
5169;Bergewöhrden;25779
5169;Dellstedt;25786
5169;Delve;25788
5169;Dörpling;25794
5169;Fedderingen;25779
5169;Gaushorn;25782
5169;Glüsing;25779
5169;Groven;25774
5169;Hemme;25774
5169;Hennstedt;25779
5169;Hövede;25782
5169;Hollingstedt;25788
5169;Karolinenkoog;25774
5169;Kleve;25776
5169;Kleve;25779
5169;Krempel;25774
5169;Lehe;25774
5169;Lehe;25776
5169;Linden;25791
5169;Lunden;25774
5169;Norderheistedt;25779
5169;Pahlen;25794
5169;Rehm-Flehde-Bargen;25776
5169;Sankt Annen;25776
5169;Schalkholz;25782
5169;Schlichting;25779
5169;Tellingstedt;25782
5169;Tielenhemme;25794
5169;Wallen;25788
5169;Welmbüttel;25782
5169;Westerborstel;25782
5169;Wiemerstedt;25779
5169;Wrohm;25799
5169;Süderdorf;25782
5169;Süderheistedt;25779
5172;Heider Umland;
5172;Hemmingstedt;25770
5172;Lieth;25770
5172;Lohe-Rickelshof;25746
5172;Neuenkirchen;25792
5172;Norderwöhrden;25746
5172;Nordhastedt;25785
5172;Ostrohe;25746
5172;Stelle-Wittenwurth;25795
5172;Wöhrden;25797
5172;Weddingstedt;25795
5172;Wesseln;25746
5175;Mitteldithmarschen;
5175;Albersdorf;25767
5175;Arkebek;25767
5175;Bargenstedt;25704
5175;Barlt;25719
5175;Bunsoh;25767
5175;Busenwurth;25719
5175;Elpersbüttel;25704
5175;Epenwöhrden;25704
5175;Gudendorf;25693
5175;Immenstedt;25767
5175;Krumstedt;25727
5175;Meldorf, Stadt;25704
5175;Nindorf;25704
5175;Odderade;25785
5175;Offenbüttel;25767
5175;Osterrade;25767
5175;Sarzbüttel;25785
5175;Schafstedt;25725
5175;Schrum;25782
5175;Wennbüttel;25767
5175;Windbergen;25729
5175;Wolmersdorf;25704
5175;Nordermeldorf;25704
5175;Tensbüttel-Röst;25767
5178;Büsum-Wesselburen;
5178;Büsum;25761
5178;Büsumer Deichhausen;25761
5178;Friedrichsgabekoog;25764
5178;Hedwigenkoog;25761
5178;Hellschen-Heringsand-Unterschaar;25764
5178;Hillgroven;25764
5178;Norddeich;25764
5178;Oesterdeichstrich;25761
5178;Reinsbüttel;25764
5178;Schülp;25764
5178;Strübbel;25792
5178;Süderdeich;25764
5178;Warwerort;25761
5178;Wesselburen, Stadt;25764
5178;Wesselburener Deichhausen;25764
5178;Wesselburenerkoog;25764
5178;Westerdeichstrich;25761
5178;Oesterwurth;25764
5179;Wilstermarsch;
5179;Aebtissinwisch;25572
5179;Beidenfleth;25573
5179;Brokdorf;25554
5179;Brokdorf;25576
5179;Büttel;25572
5179;Dammfleth;25554
5179;Dammfleth;25573
5179;Ecklak;25572
5179;Kudensee;25572
5179;Landrecht;25554
5179;Landscheide;25572
5179;Nortorf;25554
5179;Sankt Margarethen;25572
5179;Stördorf;25554
5179;Wewelsfleth;25599
5179;Neuendorf-Sachsenbande;25554
5189;Kellinghusen;
5189;Brokstedt;24616
5189;Fitzbek;25579
5189;Hennstedt;25581
5189;Hingstheide;25563
5189;Hohenlockstedt;25551
5189;Kellinghusen, Stadt;25548
5189;Lockstedt;25551
5189;Mühlenbarbek;25548
5189;Oeschebüttel;25548
5189;Poyenberg;25581
5189;Quarnstedt;25563
5189;Rade;25579
5189;Rosdorf;25548
5189;Sarlhusen;24616
5189;Störkathen;25548
5189;Wiedenborstel;24613
5189;Willenscharen;24616
5189;Wrist;25563
5189;Wulfsmoor;25563
5207;Bad Oldesloe-Land;
5207;Grabau;23845
5207;Meddewade;23847
5207;Neritz;23843
5207;Pölitz;23847
5207;Rethwisch;23847
5207;Rümpel;23843
5207;Lasbek;23847
5207;Steinburg;22964
5207;Travenbrück;23843
5218;Bargteheide-Land;
5218;Bargfeld-Stegen;23863
5218;Delingsdorf;22941
5218;Elmenhorst;23869
5218;Hammoor;22941
5218;Jersbek;22941
5218;Nienwohld;23863
5218;Todendorf;22965
5218;Tremsbüttel;22967
5244;Nordstormarn;
5244;Badendorf;23619
5244;Barnitz;23858
5244;Hamberge;23619
5244;Heidekamp;23858
5244;Heilshoop;23619
5244;Klein Wesenberg;23860
5244;Mönkhagen;23619
5244;Rehhorst;23619
5244;Westerau;23847
5244;Zarpen;23619
5244;Feldhorst;23858
5244;Wesenberg;23858
5262;Siek;
5262;Braak;22145
5262;Hoisdorf;22955
5262;Hoisdorf;22961
5262;Siek;22962
5262;Stapelfeld;22145
5262;Brunsbek;22946
5270;Trittau;
5270;Grande;22946
5270;Grönwohld;22956
5270;Großensee;22946
5270;Hamfelde;22929
5270;Hohenfelde;22946
5270;Köthel;22929
5270;Lütjensee;22952
5270;Rausdorf;22929
5270;Trittau;22946
5270;Witzhave;22969
5308;Berkenthin;
5308;Behlendorf;23919
5308;Berkenthin;23919
5308;Bliestorf;23847
5308;Düchelsdorf;23847
5308;Göldenitz;23919
5308;Kastorf;23847
5308;Klempau;23628
5308;Krummesse;23628
5308;Niendorf bei Berkenthin;23919
5308;Rondeshagen;23919
5308;Sierksrade;23847
5313;Breitenfelde;
5313;Alt Mölln;23881
5313;Bälau;23881
5313;Borstorf;23881
5313;Breitenfelde;23881
5313;Grambek;23883
5313;Hornbek;21514
5313;Lehmrade;23883
5313;Niendorf/ Stecknitz;23881
5313;Schretstaken;21493
5313;Talkau;21493
5313;Woltersdorf;21516
5318;Büchen;
5318;Besenthal;23899
5318;Bröthen;21514
5318;Büchen;21514
5318;Fitzen;21514
5318;Göttin;21514
5318;Gudow;23899
5318;Güster;21514
5318;Klein Pampau;21514
5318;Langenlehsten;21514
5318;Müssen;21516
5318;Roseburg;21514
5318;Schulendorf;21516
5318;Siebeneichen;21514
5318;Tramm;21516
5318;Witzeeze;21514
5323;Hohe Elbgeest;
5323;Aumühle;21521
5323;Börnsen;21039
5323;Dassendorf;21521
5323;Escheburg;21039
5323;Hamwarde;21502
5323;Hohenhorn;21526
5323;Kröppelshagen-Fahrendorf;21039
5323;Kröppelshagen-Fahrendorf;21529
5323;Wiershop;21502
5323;Wohltorf;21521
5323;Worth;21502
5343;Lütau;
5343;Basedow;21483
5343;Buchhorst;21481
5343;Dalldorf;21483
5343;Juliusburg;21483
5343;Krüzen;21483
5343;Krukow;21483
5343;Lanze;21483
5343;Lütau;21483
5343;Schnakenbek;21481
5343;Wangelau;21483
5358;Lauenburgische Seen;
5358;Albsfelde;23909
5358;Bäk;23909
5358;Brunsmark;23883
5358;Buchholz;23911
5358;Einhaus;23911
5358;Fredeburg;23909
5358;Giesensdorf;23909
5358;Groß Disnack;23911
5358;Groß Grönau;23627
5358;Groß Sarau;23627
5358;Harmsdorf;23911
5358;Hollenbek;23883
5358;Horst;23883
5358;Kittlitz;23911
5358;Klein Zecher;23883
5358;Kulpin;23911
5358;Mechow;23909
5358;Mustin;23911
5358;Pogeez;23911
5358;Römnitz;23909
5358;Salem;23883
5358;Salem;23911
5358;Schmilau;23883
5358;Schmilau;23909
5358;Schmilau;23911
5358;Seedorf;23883
5358;Sterley;23883
5358;Ziethen;23911
5373;Schwarzenbek-Land;
5373;Basthorst;21493
5373;Brunstorf;21524
5373;Dahmker;22946
5373;Elmenhorst;21493
5373;Fuhlenhagen;21493
5373;Grabau;21493
5373;Groß Pampau;21493
5373;Grove;21493
5373;Gülzow;21483
5373;Hamfelde;22929
5373;Havekost;21493
5373;Kankelau;21514
5373;Kasseburg;22929
5373;Köthel;22929
5373;Kollow;21527
5373;Kuddewörde;22958
5373;Möhnsen;21493
5373;Mühlenrade;21493
5373;Sahms;21493
5391;Sandesneben-Nusse;
5391;Duvensee;23898
5391;Grinau;23847
5391;Groß Boden;23847
5391;Groß Schenkenberg;23860
5391;Klinkrade;23898
5391;Koberg;23881
5391;Kühsen;23898
5391;Labenz;23898
5391;Lankau;23881
5391;Linau;22959
5391;Lüchow;23898
5391;Nusse;23896
5391;Panten;23896
5391;Poggensee;23896
5391;Ritzerau;23896
5391;Sandesneben;23898
5391;Schiphorst;23847
5391;Schönberg;22929
5391;Schürensöhlen;23847
5391;Siebenbäumen;23847
5391;Sirksfelde;23898
5391;Steinhorst;23847
5391;Stubben;23847
5391;Walksfelde;23896
5391;Wentorf (Amt Sandesneben);23898
5417;Eiderstedt;
5417;Garding, Kirchspiel;25836
5417;Garding, Stadt;25836
5417;Grothusenkoog;25836
5417;Katharinenheerd;25836
5417;Kotzenbüll;25832
5417;Norderfriedrichskoog;25870
5417;Oldenswort;25870
5417;Osterhever;25836
5417;Poppenbüll;25836
5417;Sankt Peter-Ording;25826
5417;Tating;25881
5417;Tetenbüll;25882
5417;Tümlauer Koog;25881
5417;Vollerwiek;25836
5417;Welt;25836
5417;Westerhever;25881
5439;Landschaft Sylt;
5439;Hörnum (Sylt);25997
5439;Kampen (Sylt);25999
5439;List auf Sylt;25992
5439;Wenningstedt-Braderup (Sylt);25996
5453;Viöl;
5453;Ahrenviöl;25885
5453;Ahrenviölfeld;24896
5453;Ahrenviölfeld;25885
5453;Behrendorf;25850
5453;Bondelum;25850
5453;Haselund;25855
5453;Immenstedt;25885
5453;Löwenstedt;25864
5453;Norstedt;25884
5453;Oster-Ohrstedt;25885
5453;Schwesing;25813
5453;Sollwitt;25884
5453;Viöl;25884
5453;Wester-Ohrstedt;25885
5459;Pellworm;
5459;Gröde;25869
5459;Hallig Hooge;25859
5459;Langeneß;25863
5459;Langeneß;25867
5459;Pellworm;25845
5459;Pellworm;25849
5488;Föhr-Amrum;
5488;Alkersum;25938
5488;Borgsum;25938
5488;Dunsum;25938
5488;Midlum;25938
5488;Nebel;25946
5488;Nieblum;25938
5488;Norddorf auf Amrum;25946
5488;Oevenum;25938
5488;Oldsum;25938
5488;Süderende;25938
5488;Utersum;25938
5488;Witsum;25938
5488;Wittdün auf Amrum;25946
5488;Wrixum;25938
5488;Wyk auf Föhr, Stadt;25938
5489;Südtondern;
5489;Achtrup;25917
5489;Aventoft;25927
5489;Bosbüll;25899
5489;Braderup;25923
5489;Bramstedtlund;25926
5489;Dagebüll;25899
5489;Ellhöft;25923
5489;Friedrich-Wilhelm-Lübke-Koog;25924
5489;Holm;25923
5489;Humptrup;25923
5489;Karlum;25926
5489;Klanxbüll;25924
5489;Klixbüll;25899
5489;Ladelund;25926
5489;Leck;25917
5489;Lexgaard;25923
5489;Neukirchen;25927
5489;Niebüll, Stadt;25899
5489;Risum-Lindholm;25920
5489;Rodenäs;25924
5489;Sprakebüll;25917
5489;Stadum;25917
5489;Stedesand;25920
5489;Süderlügum;25923
5489;Tinningstedt;25917
5489;Uphusum;25923
5489;Westre;25926
5489;Galmsbüll;25899
5489;Emmelsbüll-Horsbüll;25924
5489;Enge-Sande;25917
5492;Nordsee-Treene;
5492;Arlewatt;25860
5492;Drage;25840
5492;Drage;25878
5492;Elisabeth-Sophien-Koog;25845
5492;Fresendelf;25876
5492;Hattstedt;25856
5492;Hattstedtermarsch;25856
5492;Horstedt;25860
5492;Hude;25876
5492;Koldenbüttel;25840
5492;Mildstedt;25866
5492;Nordstrand;25845
5492;Oldersbek;25873
5492;Olderup;25860
5492;Ostenfeld (Husum);25872
5492;Ramstedt;25876
5492;Rantrum;25873
5492;Schwabstedt;25876
5492;Seeth;25840
5492;Seeth;25878
5492;Simonsberg;25813
5492;Süderhöft;25876
5492;Südermarsch;25813
5492;Südermarsch;25840
5492;Uelvesbüll;25889
5492;Winnert;25887
5492;Wisch;25876
5492;Wittbek;25872
5492;Witzwort;25889
5492;Wobbenbüll;25856
5494;Mittleres Nordfriesland;
5494;Ahrenshöft;25853
5494;Almdorf;25821
5494;Bargum;25842
5494;Bohmstedt;25853
5494;Bordelum;25821
5494;Bordelum;25842
5494;Bordelum;25852
5494;Bredstedt, Stadt;25821
5494;Breklum;25821
5494;Drelsdorf;25853
5494;Goldebek;25862
5494;Goldelund;25862
5494;Högel;25858
5494;Joldelund;25862
5494;Kolkerheide;25862
5494;Langenhorn;25842
5494;Lütjenholm;25842
5494;Ockholm;25842
5494;Sönnebüll;25821
5494;Struckum;25821
5494;Vollstedt;25821
5543;Oldenburg-Land;
5543;Göhl;23758
5543;Gremersdorf;23758
5543;Großenbrode;23775
5543;Heringsdorf;23777
5543;Neukirchen;23779
5543;Wangels;23758
5546;Lensahn;
5546;Beschendorf;23738
5546;Damlos;23738
5546;Harmsdorf;23738
5546;Kabelhorst;23738
5546;Lensahn;23738
5546;Manhagen;23738
5546;Riepsdorf;23738
5591;Ostholstein-Mitte;
5591;Altenkrempe;23730
5591;Kasseedorf;23717
5591;Schashagen;23730
5591;Schönwalde am Bungsberg;23744
5591;Sierksdorf;23730
5616;Elmshorn-Land;
5616;Klein Nordende;25336
5616;Klein Offenseth-Sparrieshoop;25365
5616;Kölln-Reisiek;25337
5616;Seester;25370
5616;Raa-Besenbek;25335
5616;Seestermühe;25371
5616;Seeth-Ekholt;25337
5636;Hörnerkirchen;
5636;Bokel;25364
5636;Brande-Hörnerkirchen;25364
5636;Osterhorn;25364
5636;Westerhorn;25364
5660;Rantzau;
5660;Bevern;25355
5660;Bilsen;25485
5660;Bokholt-Hanredder;25335
5660;Bullenkuhlen;25355
5660;Ellerhoop;25373
5660;Groß Offenseth-Aspern;25355
5660;Heede;25355
5660;Hemdingen;25485
5660;Langeln;25485
5660;Lutzhorn;25355
5687;Pinnau;
5687;Borstel-Hohenraden;25494
5687;Ellerbek;25474
5687;Kummerfeld;25495
5687;Prisdorf;25497
5687;Tangstedt;25499
5727;Amt Lütjenburg;
5727;Behrensdorf (Ostsee);24321
5727;Blekendorf;24327
5727;Dannau;24329
5727;Giekau;24321
5727;Helmstorf;24321
5727;Högsdorf;24327
5727;Hohenfelde;24257
5727;Hohwacht (Ostsee);24321
5727;Kirchnüchel;23714
5727;Klamp;24321
5727;Kletkamp;24327
5727;Lütjenburg, Stadt;24321
5727;Panker;24321
5727;Schwartbuck;24257
5727;Tröndel;24321
5739;Großer Plöner See;
5739;Dersau;24326
5739;Dörnick;24326
5739;Grebin;24329
5739;Kalübbe;24326
5739;Lebrade;24306
5739;Nehmten;24326
5739;Rantzau;24321
5739;Rantzau;24329
5739;Rathjensdorf;24306
5739;Wittmoldt;24306
5747;Preetz-Land;
5747;Barmissen;24245
5747;Boksee;24220
5747;Bothkamp;24250
5747;Großbarkau;24245
5747;Honigsee;24211
5747;Kirchbarkau;24245
5747;Klein Barkau;24245
5747;Kühren;24211
5747;Lehmkuhlen;24211
5747;Löptin;24250
5747;Nettelsee;24250
5747;Pohnsdorf;24211
5747;Postfeld;24211
5747;Rastorf;24211
5747;Schellhorn;24211
5747;Wahlstorf;24211
5747;Warnau;24250
5755;Probstei;
5755;Barsbek;24217
5755;Bendfeld;24217
5755;Brodersdorf;24235
5755;Fahren;24253
5755;Fiefbergen;24217
5755;Höhndorf;24217
5755;Köhn;24257
5755;Krokau;24217
5755;Krummbek;24217
5755;Laboe;24235
5755;Lutterbek;24235
5755;Passade;24253
5755;Prasdorf;24253
5755;Probsteierhagen;24253
5755;Schönberg (Holstein);24217
5755;Stakendorf;24217
5755;Stein;24235
5755;Stoltenberg;24256
5755;Wendtorf;24235
5755;Wisch;24217
5775;Selent/ Schlesen;
5775;Dobersdorf;24232
5775;Lammershagen;24238
5775;Martensrade;24238
5775;Mucheln;24238
5775;Schlesen;24256
5775;Selent;24238
5775;Fargau-Pratjau;24256
5782;Schrevenborn;
5782;Heikendorf;24226
5782;Mönkeberg;24226
5782;Schönkirchen;24226
5785;Bokhorst-Wankendorf;
5785;Belau;24601
5785;Großharrie;24625
5785;Rendswühren;24619
5785;Ruhwinkel;24601
5785;Schillsdorf;24637
5785;Stolpe;24601
5785;Tasdorf;24536
5785;Wankendorf;24601
5803;Achterwehr;
5803;Achterwehr;24239
5803;Bredenbek;24796
5803;Felde;24242
5803;Krummwisch;24796
5803;Melsdorf;24109
5803;Ottendorf;24107
5803;Quarnbek;24107
5803;Westensee;24259
5822;Dänischenhagen;
5822;Dänischenhagen;24229
5822;Noer;24214
5822;Schwedeneck;24229
5822;Strande;24229
5824;Dänischer Wohld;
5824;Felm;24161
5824;Felm;24214
5824;Felm;24244
5824;Gettorf;24214
5824;Lindau;24214
5824;Neudorf-Bornstein;24214
5824;Neuwittenbek;24161
5824;Neuwittenbek;24214
5824;Osdorf;24251
5824;Schinkel;24214
5824;Tüttendorf;24214
5830;Flintbek;
5830;Böhnhusen;24220
5830;Flintbek;24220
5830;Schönhorst;24220
5830;Techelsdorf;24220
5833;Fockbek;
5833;Alt Duvenstedt;24782
5833;Alt Duvenstedt;24791
5833;Alt Duvenstedt;24811
5833;Fockbek;24787
5833;Nübbel;24809
5833;Rickert;24782
5833;Rickert;24787
5847;Hohner Harde;
5847;Bargstall;24806
5847;Breiholz;24797
5847;Christiansholm;24799
5847;Elsdorf-Westermühlen;24800
5847;Friedrichsgraben;24799
5847;Friedrichsholm;24799
5847;Hamdorf;24805
5847;Hohn;24806
5847;Königshügel;24799
5847;Lohe-Föhrden;24806
5847;Prinzenmoor;24805
5847;Sophienhamm;24806
5853;Jevenstedt;
5853;Brinjahe;24816
5853;Embühren;24819
5853;Haale;24819
5853;Hamweddel;24816
5853;Hörsten;24797
5853;Jevenstedt;24808
5853;Luhnstedt;24816
5853;Schülp b. Rendsburg;24813
5853;Stafstedt;24816
5853;Westerrönfeld;24784
5859;Molfsee;
5859;Blumenthal;24241
5859;Mielkendorf;24247
5859;Molfsee;24113
5859;Rodenbek;24247
5859;Rumohr;24254
5859;Schierensee;24241
5864;Nortorfer  Land;
5864;Bargstedt;24793
5864;Bokel;24802
5864;Borgdorf-Seedorf;24589
5864;Brammer;24793
5864;Dätgen;24589
5864;Eisendorf;24589
5864;Ellerdorf;24589
5864;Emkendorf;24802
5864;Gnutz;24622
5864;Groß Vollstedt;24802
5864;Krogaspe;24644
5864;Langwedel;24631
5864;Nortorf, Stadt;24589
5864;Oldenhütten;24793
5864;Schülp b. Nortorf;24589
5864;Timmaspe;24644
5864;Warder;24646
5888;Eiderkanal;
5888;Bovenau;24796
5888;Haßmoor;24790
5888;Ostenfeld (Rendsburg);24790
5888;Osterrönfeld;24783
5888;Rade b. Rendsburg;24790
5888;Rade b. Rendsburg;24794
5888;Schacht-Audorf;24783
5888;Schacht-Audorf;24790
5888;Schacht-Audorf;24794
5888;Schülldorf;24790
5889;Bordesholm;
5889;Bissee;24582
5889;Bordesholm;24582
5889;Brügge;24582
5889;Grevenkrug;24241
5889;Groß Buchwald;24582
5889;Hoffeld;24582
5889;Loop;24644
5889;Mühbrook;24582
5889;Negenharrie;24625
5889;Reesdorf;24241
5889;Schmalstede;24241
5889;Schönbek;24582
5889;Sören;24241
5889;Wattenbek;24582
5890;Hüttener Berge;
5890;Ascheffel;24358
5890;Borgstedt;24794
5890;Brekendorf;24811
5890;Bünsdorf;24794
5890;Damendorf;24361
5890;Groß Wittensee;24361
5890;Haby;24361
5890;Holtsee;24363
5890;Holzbunge;24361
5890;Hütten;24358
5890;Klein Wittensee;24361
5890;Neu Duvenstedt;24791
5890;Neu Duvenstedt;24794
5890;Osterby;24367
5890;Owschlag;24811
5890;Owschlag;24848
5890;Sehestedt;24814
5890;Ahlefeld-Bistensee;24358
5893;Schlei-Ostsee;
5893;Altenhof;24340
5893;Barkelsby;24360
5893;Brodersby;24398
5893;Damp;24351
5893;Dörphof;24398
5893;Fleckeby;24357
5893;Gammelby;24340
5893;Güby;24357
5893;Holzdorf;24364
5893;Hummelfeld;24357
5893;Karby;24398
5893;Kosel;24354
5893;Loose;24366
5893;Goosefeld;24340
5893;Rieseby;24354
5893;Thumby;24351
5893;Waabs;24369
5893;Windeby;24340
5893;Winnemark;24398
5895;Mittelholstein;
5895;Arpsdorf;24634
5895;Aukrug;24613
5895;Beldorf;25557
5895;Beldorf;25567
5895;Bendorf;25557
5895;Beringstedt;25575
5895;Bornholt;25557
5895;Bornholt;25725
5895;Ehndorf;24647
5895;Gokels;25557
5895;Grauel;24594
5895;Hanerau-Hademarschen;25557
5895;Heinkenborstel;24594
5895;Hohenwestedt;24594
5895;Jahrsdorf;24594
5895;Lütjenwestedt;25585
5895;Meezen;24594
5895;Mörel;24594
5895;Nienborstel;24819
5895;Nindorf;24594
5895;Oldenbüttel;25557
5895;Osterstedt;25590
5895;Padenstedt;24634
5895;Rade b. Hohenwestedt;24594
5895;Remmels;24594
5895;Seefeld;25557
5895;Steenfeld;25557
5895;Tackesdorf;24797
5895;Tackesdorf;25585
5895;Tappendorf;24594
5895;Thaden;25557
5895;Todenbüttel;24819
5895;Wapelfeld;24594
5912;Eggebek;
5912;Eggebek;24852
5912;Janneby;24992
5912;Jerrishoe;24963
5912;Jörl;24992
5912;Langstedt;24852
5912;Sollerup;24852
5912;Süderhackstedt;24852
5912;Süderhackstedt;24992
5912;Wanderup;24997
5915;Haddeby;
5915;Borgwedel;24857
5915;Busdorf;24866
5915;Dannewerk;24867
5915;Fahrdorf;24857
5915;Geltorf;24884
5915;Jagel;24848
5915;Jagel;24878
5915;Lottorf;24878
5915;Selk;24884
5919;Hürup;
5919;Tastrup;24943
5919;Ausacker;24975
5919;Großsolt;24991
5919;Hürup;24975
5919;Husby;24975
5919;Maasbüll;24975
5919;Freienwill;24991
5920;Kappeln-Land;
5920;Arnis, Stadt;24399
5920;Grödersby;24376
5920;Grödersby;24399
5920;Oersberg;24407
5920;Rabenkirchen-Faulück;24407
5937;Langballig;
5937;Dollerup;24989
5937;Grundhof;24977
5937;Langballig;24977
5937;Munkbrarup;24960
5937;Ringsberg;24977
5937;Wees;24999
5937;Westerholz;24977
5940;Oeversee;
5940;Sieverstedt;24885
5940;Tarp;24963
5940;Oeversee;24988
5949;Amt Mittelangeln;
5949;Schnarup-Thumby;24891
5949;Sörup;24966
5949;Mittelangeln;24986
5952;Schafflund;
5952;Böxlund;24994
5952;Großenwiehe;24969
5952;Hörup;24980
5952;Holt;24994
5952;Jardelund;24994
5952;Medelby;24994
5952;Meyn;24980
5952;Nordhackstedt;24980
5952;Osterby;24994
5952;Schafflund;24980
5952;Wallsbüll;24980
5952;Weesby;24994
5952;Lindewitt;24969
5974;Süderbrarup;
5974;Böel;24401
5974;Böel;24405
5974;Böel;24891
5974;Brebel;24392
5974;Dollrottfeld;24392
5974;Loit;24888
5974;Mohrkirch;24392
5974;Mohrkirch;24405
5974;Mohrkirch;24891
5974;Norderbrarup;24392
5974;Nottfeld;24392
5974;Rügge;24405
5974;Saustrup;24392
5974;Scheggerott;24392
5974;Steinfeld;24888
5974;Süderbrarup;24392
5974;Ulsnis;24897
5974;Wagersrott;24392
5974;Boren;24392
5987;Südangeln;
5987;Böklund;24860
5987;Brodersby;24864
5987;Goltoft;24864
5987;Havetoft;24873
5987;Idstedt;24879
5987;Klappholz;24860
5987;Neuberend;24879
5987;Schaalby;24882
5987;Stolk;24890
5987;Struxdorf;24891
5987;Süderfahrenstedt;24890
5987;Taarstedt;24893
5987;Tolk;24894
5987;Uelsby;24860
5987;Twedt;24894
5987;Nübel;24881
5990;Geltinger Bucht;
5990;Ahneby;24996
5990;Esgrus;24402
5990;Gelting;24395
5990;Hasselberg;24376
5990;Kronsgaard;24395
5990;Maasholm;24404
5990;Nieby;24395
5990;Niesgrau;24395
5990;Pommerby;24395
5990;Rabel;24376
5990;Rabenholz;24395
5990;Stangheck;24395
5990;Steinberg;24972
5990;Sterup;24996
5990;Stoltebüll;24409
5990;Steinbergkirche;24972
5993;Arensharde;
5993;Bollingstedt;24855
5993;Ellingstedt;24870
5993;Hollingstedt;24876
5993;Hüsby;24850
5993;Jübek;24855
5993;Lürschau;24850
5993;Schuby;24837
5993;Schuby;24850
5993;Silberstedt;24887
5993;Treia;24896
5996;Kropp-Stapelholm;
5996;Alt Bennebek;24848
5996;Bergenhusen;24861
5996;Börm;24863
5996;Dörpstedt;24869
5996;Erfde;24803
5996;Groß Rheide;24848
5996;Klein Bennebek;24848
5996;Klein Bennebek;24863
5996;Klein Rheide;24848
5996;Kropp;24848
5996;Meggerdorf;24799
5996;Meggerdorf;24861
5996;Norderstapel;25868
5996;Süderstapel;25879
5996;Tetenhusen;24817
5996;Tielen;24803
5996;Wohlde;24899
